title,url,source,published_date,content,author,collected_at
Verify email and phone number easily,https://checkfor.dev/,HackerNews,2026-07-19T21:58:29Z,Verify email and phone number easily,davygab,2026-07-19T16:31:55.395531Z
Why Apple's Lawsuit Against OpenAI over Devices Spares Jony Ive,https://www.bloomberg.com/news/newsletters/2026-07-19/why-apple-s-openai-lawsuit-doesn-t-mention-jony-ive-ai-recording-at-genius-bar-mrrv4mix,HackerNews,2026-07-19T21:52:46Z,Why Apple's Lawsuit Against OpenAI over Devices Spares Jony Ive,thm,2026-07-19T16:31:56.994900Z
Show HN: AIMakeTattoo – Visual references and artist briefs,https://aimaketattoo.com/ai-tattoo-generator,HackerNews,2026-07-19T21:44:45Z,Show HN: AIMakeTattoo – Visual references and artist briefs,warrenshi,2026-07-19T16:32:01.525416Z
Do you manage task/todo differently in this AI era?,48969329,HackerNews,2026-07-19T21:36:02Z,Do you manage task/todo differently in this AI era?,khanhphd,2026-07-19T16:32:05.297213Z
AI Demands More Engineering Discipline,https://charity.wtf/p/ai-demands-more-engineering-discipline,HackerNews,2026-07-19T21:35:35Z,AI Demands More Engineering Discipline,nishantjani10,2026-07-19T16:32:07.543018Z
Moonshot AI suspends new subscriptions due to Kimi K3 demand,https://twitter.com/kimi_moonshot/status/2078855608565207130,HackerNews,2026-07-19T21:32:25Z,Moonshot AI suspends new subscriptions due to Kimi K3 demand,serialx,2026-07-19T16:32:09.110462Z
The bottleneck for AI agents isn't the model anymore. It's the context layer,https://thenewstack.io/ai-agent-infrastructure-bottleneck/,HackerNews,2026-07-19T21:27:03Z,The bottleneck for AI agents isn't the model anymore. It's the context layer,Brajeshwar,2026-07-19T16:32:09.904050Z
"New mandatory Gmail, your Android backup storage needs may increase",48969253,HackerNews,2026-07-19T21:25:53Z,"New mandatory Gmail, your Android backup storage needs may increase",newsoftheday,2026-07-19T16:32:10.690160Z
JustREPL: A no-AI coding playground,https://justrepl.com,HackerNews,2026-07-19T21:22:36Z,JustREPL: A no-AI coding playground,sharpshootersl,2026-07-19T16:32:12.247926Z
I Made 11 AI Agents Do My Job. Here's What Happened,https://hackenewhome.blogspot.com/p/my-take-on-ai-vc-benchmark-bloggers.html,HackerNews,2026-07-19T21:11:32Z,I Made 11 AI Agents Do My Job. Here's What Happened,AllForAll,2026-07-19T16:32:14.561182Z
"Show HN: Free, curated prompts for AI image, video and music",https://ahaprompt.app,HackerNews,2026-07-19T21:10:37Z,"Show HN: Free, curated prompts for AI image, video and music",weijunext,2026-07-19T16:32:15.365294Z
The neutrality project – Making the politics inside AI measurable,https://neutralityproject.org/,HackerNews,2026-07-19T21:08:20Z,The neutrality project – Making the politics inside AI measurable,amai,2026-07-19T16:32:16.191646Z
Show HN: A self-correcting algebraic agent swarm,https://github.com/Michael-Ax64/K4-AlgebraicSwarm,HackerNews,2026-07-19T21:07:43Z,Show HN: A self-correcting algebraic agent swarm,michael-ax,2026-07-19T16:32:16.981350Z
"The Economics of LLM Profits: HyperScalers, or Labs?",https://davidmanheim.com/AI-Economics/,HackerNews,2026-07-19T21:04:55Z,"The Economics of LLM Profits: HyperScalers, or Labs?",davidmanheim,2026-07-19T16:32:18.619662Z
"Show HN: Skimlane – A local-first, customizable, AI reading assistant for Chrome",https://skimlane.com/,HackerNews,2026-07-19T20:55:19Z,"Show HN: Skimlane – A local-first, customizable, AI reading assistant for Chrome",bibryam,2026-07-19T16:32:25.195351Z
"Sterna-Mail: Private, Native Android Email Client for JMAP and IMAP/SMTP",https://codeberg.org/emon/sterna-mail,HackerNews,2026-07-19T20:51:37Z,"Sterna-Mail: Private, Native Android Email Client for JMAP and IMAP/SMTP",galdan,2026-07-19T16:32:29.358055Z
