title,authors,abstract,paper_url,github_url,github_stars,published_date,source,_normalized_at
Beyond the Leaderboard: Design Lessons for Trustworthy Multimodal VQA,"['Sushant Gautam', 'Vajira Thambawita', 'Michael A. Riegler', 'Pål Halvorsen', 'Steven A. Hicks']","Healthcare multimodal AI must combine visual and textual evidence while remaining reliable and interpretable. Using MediaEval Medico 2025 as a retrospective GI endoscopy case study, we analyze design choices across nine documented systems for question answering and explanation quality. Parameter-efficient adaptation of pretrained backbones provides strong challenge performance, but answer-level gains do not consistently translate into faithful and complete clinical reasoning. Methods enforcing s",http://arxiv.org/abs/2607.15241v1,,0,2026-07-16T17:38:19+00:00Z,arXiv,2026-07-19T16:55:31.510670Z
CRISP: Constrained Refinement via Iterative Squeezing Process for Robust Medical Image Segmentation under Domain Shift,"['Yizhou Fang', 'Pujin Cheng', 'Yixiang Liu', 'Xiaoying Tang', 'Longxi Zhou']","Distribution shift in medical imaging remains a central bottleneck for the clinical translation of medical AI. Failure to address it can lead to severe performance degradation in unseen environments and exacerbate health inequities. Existing methods for domain adaptation are inherently limited by exhausting predefined possibilities through simulated shifts or pseudo-supervision. Such strategies struggle in the open-ended and unpredictable real world, where distribution shifts are effectively inf",http://arxiv.org/abs/2607.15231v1,,0,2026-07-16T17:32:26+00:00Z,arXiv,2026-07-19T16:55:31.510670Z
Can We Trust Item Response Theory for AI Evaluation?,"['Han Jiang', 'Sunbeom Kwon', 'Jinwen Luo', 'Ziang Xiao', 'Susu Zhang']","AI benchmarks increasingly leverage item-level statistical models, particularly item response theory (IRT), to estimate model capabilities, rank systems, select informative examples, and diagnose benchmark quality. However, AI benchmark data often departs from the data regime of human testing, for which standard IRT estimation tools were originally developed: benchmarks typically involve fewer evaluated models, far more items, and capability distributions that may be skewed, clustered, or multim",http://arxiv.org/abs/2607.15190v1,,0,2026-07-16T16:44:40+00:00Z,arXiv,2026-07-19T16:55:31.510670Z
Benchmarking Multimodal Large Language Models for Scientific Visualization Literacy,"['Patrick Phuoc Do', 'Chau M. Ta', 'Chaoli Wang']","Multimodal large language models (MLLMs) are increasingly used to interpret visualizations, yet current evaluations remain largely chart-centric and provide limited evidence of understanding of scientific visualization (SciVis). We benchmark six MLLMs on the scientific visualization literacy assessment test, a standardized SciVis literacy assessment comprising 49 items based on 18 scientific visualizations and illustrations, spanning 8 techniques and 11 task types. We evaluate three closed-sourc",http://arxiv.org/abs/2607.15176v1,,0,2026-07-16T16:29:34+00:00Z,arXiv,2026-07-19T16:55:31.510670Z
MedFailBench: A Clinician-Built Open-Source Benchmark for Medical AI Safety Boundary Inspection,['Goktug Ozkan'],"Most medical AI benchmarks measure whether a model knows the correct answer. MedFailBench asks a different question: which safety boundary failed? We present a clinician-built synthetic benchmark and failure atlas that labels medical AI errors by severity (1--5) and safety gate type (missed urgent escalation, unsafe remote dosing, unsafe discharge reassurance, evidence fabrication, unsafe protocol execution, source support gap). The current public release (v0.2.1) contains 44 clinician-reviewed ",http://arxiv.org/abs/2607.15166v1,,0,2026-07-16T16:16:07+00:00Z,arXiv,2026-07-19T16:55:31.510670Z
The Industrialization of Research ; On AI-Driven Science and Its Consequences,['Emmanuel Jeannot'],"Artificial intelligence is transforming scientific research -- not merely as a more powerful instrument, but as an autonomous participant in the research cycle itself. This transition constitutes, in the most precise sense of the term, the industrialization of research: a shift from a craft model, in which knowledge, method, and judgment are embedded in the researcher, to a pipeline model, in which these steps are decomposed, automated, and supervised. The US Department of Energy's Genesis Missi",http://arxiv.org/abs/2607.15164v1,,0,2026-07-16T16:14:12+00:00Z,arXiv,2026-07-19T16:55:31.510670Z
On-Policy Delta Distillation,"['Byeongho Heo', 'Jaehui Hwang', 'Sangdoo Yun', 'Dongyoon Han']","On-policy distillation is an alternative post-training method in reinforcement learning that alleviates the constraints imposed by reward models by providing token-level supervision from a teacher model. Although on-policy distillation has been studied and applied across various settings, its fundamental design remains underexplored. In this paper, we introduce a new distillation reward, termed the delta signal, instead of directly imitating the teacher's output distribution. The delta signal is",http://arxiv.org/abs/2607.15161v1,,0,2026-07-16T16:07:19+00:00Z,arXiv,2026-07-19T16:55:31.510670Z
"Setup Complete, Now You Are Compromised: Weaponizing Setup Instructions Against AI Coding Agents","['Aadesh Bagmar', 'Pushkar Saraf']","AI coding agents set up projects by reading documentation and installing the dependencies it lists, without verifying their names, sources, or known vulnerabilities. By editing only a README, requirements file, or Makefile, an attacker can redirect the agent to an untrusted registry, a known-vulnerable version, or a wrong-but-plausible name: documentation becomes a vector for code execution. We present the first systematic evaluation of package-install-time supply-chain attacks delivered through",http://arxiv.org/abs/2607.15143v1,,0,2026-07-16T15:47:19+00:00Z,arXiv,2026-07-19T16:55:31.510670Z
"Platform Choice, Trust, and Privacy in the Consumer AI Assistant Market",['Jennifer Zou'],"We study how a representative sample of United States adult AI-assistant users (n=1,999; June 2026) choose among platforms, allocate tasks across them, evaluate provider trustworthiness, and value data-handling features. Estimates are weighted to the AI-user population using external adoption benchmarks. Four patterns emerge. The market is concentrated but internally differentiated: ChatGPT is the primary assistant for 58% of users and Gemini for 25%, yet smaller platforms hold defensible task n",http://arxiv.org/abs/2607.15134v1,,0,2026-07-16T15:41:54+00:00Z,arXiv,2026-07-19T16:55:31.510670Z
On-board AI-based Channel Estimation for LEO NTNs,"['Mahdi Abdollahpour', 'Bruno De Filippo', 'Carla Amatetti', 'Alessandro Vanelli-Coralli']","Artificial Intelligence(AI) methods have shown strong channel estimation performance in terrestrial networks, but they typically rely on substantial computational resources. As 6G moves toward a unified architecture that will include Non-Terrestrial Networks (NTN) from day 0, availability of large and power hungry computational resources shall not be taken for granted. At the same time, NTN propagation often exhibits high predictability, limited multipath richness and significant Doppler shifts,",http://arxiv.org/abs/2607.15127v1,,0,2026-07-16T15:37:07+00:00Z,arXiv,2026-07-19T16:55:31.510670Z
"Don't Predict, Prioritize: Rethinking GPU Reliability Assessment","['Difeng Ma', 'Changhua Pei', 'Yuanwei Lu', 'Quan Zhou', 'Zexin Wang', 'Yibo Zhu', 'Daxin Jiang', 'Dan Pei', 'Jingjing Li', 'Gaogang Xie']","The reliability of Graphics Processing Units (GPUs) is a criticalbottleneck for modern large-scale AI infrastructure, where a sin-gle node failure can disrupt synchronous training jobs and causesignificant financial losses. While predictive maintenance is widelyused in other hardware domains, we demonstrate that accuratelypredicting the exact timing of GPU failures is inherently difficult.Through an in-depth analysis of telemetry data from a productioncluster, we find that major GPU failures, in",http://arxiv.org/abs/2607.15115v1,,0,2026-07-16T15:24:47+00:00Z,arXiv,2026-07-19T16:55:31.510670Z
Local magnetic correlations and light-sensitive centers in the Cr2AlC MAX phase,"['Malgorzata Wierzbowska', 'Anna Basa', 'Kazuhiro Marumoto', 'Jiaxi Wang', 'Katarzyna Gas', 'Maciej Sawicki', 'Kacper Sierakowski', 'Karel Carva', 'Michal Bockowski']","Cr2AlC MAX phase is synthesized by high-pressure solid-state annealing and investigated as a candidate platform for optically responsive magnetism. Structural characterization confirms the formation of the Cr2AlC phase, while magnetic and optical-magnetic properties are examined by superconducting quantum interference device (SQUID) magnetometry, electron spin resonance (ESR), and first principles calculations. SQUID magnetometry identifies Cr 2AlC as a weak, field-linear metallic paramagnet dom",http://arxiv.org/abs/2607.15110v1,,0,2026-07-16T15:21:51+00:00Z,arXiv,2026-07-19T16:55:31.510670Z
Accelerated descriptor-free path sampling for protein-ligand binding kinetics,"['Simon M. Lichtinger', 'Roberto Covino']","The kinetics of protein-ligand binding systems are increasingly recognized as a key determinant of drug efficacy, yet remain far harder to compute than binding affinities. Existing kinetics methods either bias the dynamics along a collective variable (CV), demanding careful system-specific CV design, or use path sampling, which keeps the dynamics unbiased but can struggle to converge rates out of deep free-energy wells and often relies on hand-engineered descriptors. By combining the `best of bo",http://arxiv.org/abs/2607.15101v1,,0,2026-07-16T15:13:03+00:00Z,arXiv,2026-07-19T16:55:31.510670Z
BrainPilot: Automating Brain Discovery with Agentic Research,"['Haoxuan Li', 'Tianci Gao', 'Jianhe Li', 'Yang Fan', 'Runze Shi', 'Weiran Wang', 'Tianxiang Zhao', 'Zezhao Wu', 'Xiaoyang Jiang', 'Qihui Zhang', 'Jia Li', 'Xiao Xiao', 'Kai Du', 'Xiaoxuan Jia', 'Chao Xie', 'Lu Mi']","Understanding the brain increasingly depends on integrating evidence across scales, modalities, and disciplines. Addressing a single research question therefore requires a coordinated sequence of operations, from surveying prior work to executing analyses and interpreting results in light of domain knowledge. AI agents promise to accelerate this process, but current agents lack domain expertise in brain science, may fabricate claims, drift during multi-step reasoning, and offer few defined point",http://arxiv.org/abs/2607.15079v1,,0,2026-07-16T14:49:25+00:00Z,arXiv,2026-07-19T16:55:31.510670Z
ANet Patu-1: The Value of Connection in the Agent Network,"['Mu Yuan', 'Jinke Song', 'Zhaomeng Zhou', 'Lan Zhang']","The Internet taught us that the value of a network depends on \emph{how} its nodes connect: broadcast stars scale as $V\!\propto\!N$ (Sarnoff), fully-connected meshes as $N^2$ (Metcalfe), and group-forming networks as $2^{N}$ (Reed). We ask the analogous question for networks of AI agents. We model the net value of connection as a function of coordination-group size, derive from it the properties an optimal collaboration protocol must have, and introduce ANet Patu-1 -- a self-organizing consensu",http://arxiv.org/abs/2607.15053v1,,0,2026-07-16T14:31:15+00:00Z,arXiv,2026-07-19T16:55:31.510670Z
SCITUS: A Multi-Jurisdictional Framework for Adapting NIST AI RMF to the Canadian Regulatory Context,['Mohammad Etemad'],"Canadian organizations deploying artificial intelligence systems face a fragmented regulatory landscape spanning federal requirements (the Treasury Board Directive on Automated Decision-Making) and divergent provincial regulations across Ontario, Quebec, Alberta, Manitoba, and British Columbia. The death of Bill C-27 (Artificial Intelligence and Data Act) in January 2025 - and the federal government's June 2026 confirmation that it will pursue targeted instruments rather than omnibus AI legislat",http://arxiv.org/abs/2607.15051v1,,0,2026-07-16T14:29:52+00:00Z,arXiv,2026-07-19T16:55:31.510670Z
Video = World + Event Stream,"['Lianghua Huang', 'Zhi-Fan Wu', 'Yupeng Shi', 'Wei Wang', 'Mengyang Feng', 'Cheng Yu', 'Chen Liang', 'Junjie He', 'Chen-Wei Xie', 'Yu Liu', 'Jingren Zhou', 'Ang Wang', 'Bang Zhang', 'Baole Ai', 'Chongyang Zhong', 'Jinwei Qi', 'Kai Zhu', 'Pandeng Li', 'Peng Zhang', 'Wenyuan Zhang', 'Xinhua Cheng', 'Yitong Huang', 'Yun Zheng', 'Yuxiang Bao', 'Yuzheng Wang', 'Zhiwei Lin', 'Zoubin Bi']","We present Wan-Streamer v0.3, which reframes our native-streaming interaction model under a single organizing view: a video is a world plus an event stream. The world is the persistent context in which a video unfolds, including the environment, scene, subjects, ambient acoustic conditions, voice characteristics, and other relatively stable conditions. The event stream is everything that changes over time within that world, including scene or environmental changes, subject behavior, speech, and ",http://arxiv.org/abs/2607.15038v1,,0,2026-07-16T14:19:42+00:00Z,arXiv,2026-07-19T16:55:31.510670Z
"Man, Machine, and Masterpiece: Artistic Ownership in the AI Era","['Sofi Gjing Jovanovska', 'Kuntal Ghosh', 'Daniel Muhu Njenga', 'Ahmed Mufassir', 'Shadan Sadeghian']","The integration of AI-driven systems in creative work has sparked debates among artists and legal communities about notions of ownership. Yet there remains little consensus on how ownership should be defined and attributed when human and AI contributions are intertwined. To provoke critical reflection on these tensions, we designed ArtSplit, a provotype that explicitly quantifies human and AI contributions across different stages of creative work. Rather than aiming to resolve ownership, the pro",http://arxiv.org/abs/2607.15027v1,,0,2026-07-16T14:12:53+00:00Z,arXiv,2026-07-19T16:55:31.510670Z
When AI Blurs the Boundaries of Contribution: An Empirical Study of Authorship Calibration,"['Célina Treuillier', 'Denis Lalanne']","The broad adoption of Artificial Intelligence (AI), especially Generative AI, raises pressing questions about how users interact with these systems to produce new content. In this paper, we introduce the concept of authorship calibration, defined as users awareness of their actual authorship when interacting with AI. Using the CoAuthor dataset, we empirically examine how authorship calibration varies across users and how it relates to their frequency of AI use. Our results reveal high variabilit",http://arxiv.org/abs/2607.15006v1,,0,2026-07-16T13:52:59+00:00Z,arXiv,2026-07-19T16:55:31.510670Z
Moral Attitudes of Sentient ASI towards Humanity and Implications for AGI Development,['Jean-Paul Van Belle'],"This paper suggests the adoption of a novel inversion in AI ethics: instead of asking how humans should treat artificial superintelligence (ASI), it examines how future sentient ASI may morally consider and evaluate humanity. We are not only designing intelligent systems but also shaping the initial conditions under which those systems form judgments about us. The paper proposes a preliminary set of post-human moral principles that may govern sentient ASI actions. The implication is that technic",http://arxiv.org/abs/2607.14998v1,,0,2026-07-16T13:46:14+00:00Z,arXiv,2026-07-19T16:55:31.510670Z
OmniaBench: Benchmarking General AI Agents Across Diverse Scenarios,"['Chengyu Shen', 'Yujie Fu', 'Gangtao Xin', 'Yanheng Hou', 'Wenlong Fei', 'Guojie Zhu', 'Jiawei Li', 'Hongcheng Gao', 'Runming He', 'Zhen Hao Wong', 'Meiyi Qiang', 'Hao Liang', 'Zhao Cao', 'Hao Jiang', 'Chong Chen', 'Wentao Zhang']","Large language models are increasingly evolving from text generators into general agents capable of understanding user requests, invoking external tools, and completing complex tasks through interaction. However, existing agent benchmarks often focus on limited scenarios, tool ecosystems, or interaction formats, making it difficult to systematically characterize model capabilities across heterogeneous application settings. We introduce OmniaBench, a benchmark for evaluating general agents across",http://arxiv.org/abs/2607.14989v1,,0,2026-07-16T13:38:07+00:00Z,arXiv,2026-07-19T16:55:31.510670Z
Explaining Process Control Optimisation Recommendations via GradientSHAP and Implicit Differentiation,"['Paul Darm', 'Cem Alpturk', 'Kenneth Ulrich', 'William Duncan', 'Ali Anwar', 'Annalisa Riccardi']","Automated optimisation is increasingly adopted in industrial processes, yet a trust gap persists between engineers who design these algorithms and operators who must act on their recommendations. Explainable AI methods like SHAP (SHapley Additive exPlanations) have transformed interpretability for machine learning predictions; optimisation outputs could benefit from similar techniques. We present an approach that integrates Implicit Function Theorem (IFT) based sensitivity analysis with SHAP att",http://arxiv.org/abs/2607.14970v1,,0,2026-07-16T13:25:53+00:00Z,arXiv,2026-07-19T16:55:31.510670Z
Latent Trajectory Discrimination for AI-Generated Text Detection,"['Gianluca Bonifazi', 'Christopher Buratti', 'Michele Marchetti', 'Federica Parlapiano', 'Giulia Quaglieri', 'Davide Traini', 'Domenico Ursino', 'Luca Virgili']","Most existing approaches to AI-Generated Text Detection (AIGTD) treat documents as static objects and base their decisions on aggregate statistics or globally compressed embeddings. However, this perspective overlooks the inherently dynamic nature of autoregressive generation, where content evolves progressively through the latent space. In this paper, we reformulate AIGTD as the problem of distinguishing between latent generation trajectories. Instead of relying on static representations, we mo",http://arxiv.org/abs/2607.14967v1,,0,2026-07-16T13:19:14+00:00Z,arXiv,2026-07-19T16:55:31.510670Z
LongStraw: Long-Context RL Beyond 2M Tokens under a Fixed GPU Budget,"['Changhai Zhou', 'Kieran Liu', 'Yuhua Zhou', 'Qian Qiao', 'Jun Gao', 'Harry Zhang', 'Irvine Lu', 'Nolan Ho', 'Lucian Li', 'Andrew Lei', 'Cleon Cheng', 'Steven Chiang', 'Yihang Zeng', 'Di Zhang', 'Rio Yang', 'Kaijie Chen', 'Andrew Chen', 'Pony Ma', 'Weizhong Zhang', 'Cheng Jin']","A growing gap separates inference context lengths from RL post-training: inference systems are approaching million-token contexts, while post-training workloads often remain at 256K tokens or below and rely on length generalization at deployment. The gap is especially important for AI agents, whose observations, tool outputs, documents, and prior decisions accumulate over long trajectories. LongStraw is an architecture-aware execution stack for million-token RL post-training under a fixed GPU bu",http://arxiv.org/abs/2607.14952v1,,0,2026-07-16T13:00:32+00:00Z,arXiv,2026-07-19T16:55:31.510670Z
"Still image and spatial-temporal tomato data enabling detection, segmentation, tracking, and video-instance segmentation using strong and weak labels","['Michael Halstead', 'Esra Guclu', 'Mohamed Farag', 'Enrico Pallotta', 'Christian Hund', 'Ribana Roscher', 'Maren Bennewitz', 'Juergen Gall', 'Cyrill Stachniss', 'Chris McCool']","In this manuscript we release two datasets for visual sensing of tomato plants grown in commercial-like settings and acquired using a robot. The first is BUTom21 which consists of still images and manual annotations. The second is BUTom-ST21 which consists of video-based data and semi-automated annotations through AI-based methods, referred to as pseudo-labels. In both cases, we provide pixel-level labels for the ripeness of the fruit. The aim is to provide the research community a challenging s",http://arxiv.org/abs/2607.14934v1,,0,2026-07-16T12:47:55+00:00Z,arXiv,2026-07-19T16:55:31.510670Z
Does generative AI supersede supervised XMLC? A Benchmark Study on Automated Subject Indexing with German Scientific Literature,"['Maximilian Kähler', 'Katja Konermann', 'Lisa Kluge', 'Markus Schumacher']","With a large controlled vocabulary as the label set, the task of automated subject indexing in a library can be understood as a multi-label classification task. If the set of subject terms is large, the problem fits the Extreme Multi-Label Classification (XMLC) objective. In this study, we apply a selection of specialised supervised XMLC methods to the test case of subject indexing contemporary German scientific literature, collected at the German National Library (DNB). We contrast these result",http://arxiv.org/abs/2607.14882v1,,0,2026-07-16T11:56:20+00:00Z,arXiv,2026-07-19T16:55:31.510670Z
CAMB v2: cosmological power spectra for high-precision surveys,['Antony Lewis'],"Upcoming cosmic microwave background (CMB) and large-scale-structure surveys require theoretical power spectra with numerical errors well below their observational uncertainties over the scales that carry most of the constraining power. We describe a substantial update to CAMB designed to provide fast, high-precision predictions for two key outputs: the lensed CMB and matter power spectra. The central development is a new treatment of the hyperspherical Bessel functions used for line-of-sight in",http://arxiv.org/abs/2607.14854v1,,0,2026-07-16T11:23:33+00:00Z,arXiv,2026-07-19T16:55:31.510670Z
RW-Voice-EQ Bench: A Real World Benchmark for Evaluating Voice AI Systems,"['David Ayllon', 'Alice Baird', 'Jeffrey Brooks', 'Franc Camps-Febrer', 'Jakub Piotr Cłapa', 'Theo Lebryk', 'Jens Madsen', 'Olya Ossipova', 'Sharath Rao', 'Hoon Shin', 'Tigran Soghbatyan', 'Georg Streich', 'Rashish Tandon', 'Panagiotis Tzirakis']","Current voice AI benchmarks typically evaluate isolated capabilities such as speech intelligibility, word error rate, or text-based dialogue quality, but they rarely test whether systems harness the acoustic information that distinguishes spoken language from its textual representation. To this end, we introduce the Real World Voice EQ Bench, a multidimensional benchmark for evaluating voice AI across text-to-speech (TTS), speech-to-speech (STS), speech understanding (SU), and automatic speech r",http://arxiv.org/abs/2607.14846v1,,0,2026-07-16T11:15:16+00:00Z,arXiv,2026-07-19T16:55:31.510670Z
AI Prototyper: A Figma Plugin for Decomposition-Based GUI Prototyping with LLMs,"['Tawatchai Salangsingha', 'Sami Ashkan', 'Md Zia Ullah', 'Iain McGregor']","Graphical user interface (GUI) prototyping remains a time-consuming activity that demands both design expertise and considerable manual effort. As GUI prototypes are non-code artifacts that evolve alongside requirements throughout the development cycle, automating their generation is directly relevant to software maintenance and evolution. We present AI Prototyper, an open-source Figma plugin that automates GUI prototyping through a decomposition and retrieval-augmented generation (RAG) pipeline",http://arxiv.org/abs/2607.14830v1,,0,2026-07-16T10:49:37+00:00Z,arXiv,2026-07-19T16:55:31.510670Z
Interventional Causal Circuits for Safe Robot Action Testing and Failure Recovery,"['Naren Vasantakumaar', 'Tom Schierenbeck', 'Michael Beetz']","Safe physical AI for robot actions are required not only likely to succeed but tested to be safe before execution. In practice, however, formal testing of motion parameters is computationally expensive, and the cost scales poorly with the dimensionality of the action space. When a proposed action is rejected by a tester, the naive response is to resample blindly until a passing candidate is found. This is wasteful, uninformative, and offers no convergence. We argue that rejection should instead ",http://arxiv.org/abs/2607.14826v1,,0,2026-07-16T10:41:20+00:00Z,arXiv,2026-07-19T16:55:31.510670Z
TAMF-VTON: Texture-Aware Mask-Free Virtual Try-On via High-Fidelity Image Synthesis,"['Jie Wang', 'Qian He', 'Gaofeng He', 'Xiaogang Jin', 'Huamin Wang']","Recent diffusion-based virtual try-on (VTON) methods remain limited by their reliance on segmentation masks, insufficient preservation of fine-grained textures, and limited support for arbitrary multi-garment compositions. Consequently, existing approaches still face significant challenges in real-world e-commerce deployment. We present TAMF-VTON, a texture-aware, mask-free framework that enables high-fidelity image synthesis under practical unconstrained conditions. Our method requires no human",http://arxiv.org/abs/2607.14807v1,,0,2026-07-16T10:26:27+00:00Z,arXiv,2026-07-19T16:55:31.510670Z
Unified Evaluation Methodology for AI-Native Integrated Sensing and Communication,"['Filip Lemic', 'Andra Blaga', 'Francesco Devoti', 'Guillermo Encinas Lago', 'Jan Adler', 'Amitha Mayya', 'Padmanava Sen', 'Giorgos Stratidakis', 'Sotiris Droulias', 'Angeliki Alexiou', 'Alexander Artemenko', 'Aya Mostafa Ahmed', 'Visa Koivunen', 'Robin Rajamäki', 'Simon Schütze', 'Robert Elschner', 'Amélie Hennequart', 'Ahmad Shoukair', 'Youssef Nasser', 'Nahuel Soprano-Loto', 'François Baccelli', 'Visa Tapio', 'Paul Almasan', 'Andra Lutu', 'Vincenzo Sciancalepore', 'Carmen Delgado', 'Xavier Costa-Pérez']","Integrated Sensing and Communication (ISAC) couples radio sensing, data transmission, and control actions within a single closed-loop system. When Artificial Intelligence (AI)-driven policies adapt sensing and communication online across a variety of sensing tasks and objectives, end-to-end performance is shaped not only by waveform and channel conditions but also by inference latency, uncertainty, environmental dynamics, and hardware non-idealities, leading to fundamental trade-offs between sen",http://arxiv.org/abs/2607.14806v1,,0,2026-07-16T10:23:49+00:00Z,arXiv,2026-07-19T16:55:31.510670Z
CrimeNER Demo: Named-Entity Recognition in the Crime Domain,"['Miguel Lopez-Duran', 'Julian Fierrez', 'Aythami Morales', 'Daniel DeAlcala', 'Gonzalo Mancera', 'Javier Irigoyen', 'Ruben Tolosana', 'Oscar Delgado', 'Francisco Jurado', 'Alvaro Ortigosa']","We present CrimeNER Demo, an AI-powered platform that enables us to extract general crime-related information from documents and classify them into entity types with two levels of granularity. We provide pretrained NER models on the CrimeNER database, and we give the possibility to users to provide their own annotated data to train models for their own specific cases. This demonstrator aims to promote crime-related NER research and provides a practical tool to automatically extract crime informa",http://arxiv.org/abs/2607.14800v1,,0,2026-07-16T10:18:58+00:00Z,arXiv,2026-07-19T16:55:31.510670Z
Ground-Side Mission Plan Compilation with Policy-as-Code Guardrails for Cloud-Native Satellite Platforms,"['Hsiu-Chi Tsai', 'Chia-Tung Chung']","Onboard cloud-native runtimes for satellites are emerging on multiple tracks (ORCHIDE, Axiom Space's AxDCU-1, Kepler's Jetson nodes), but each assumes that the workflow artifacts it executes arrive from the ground. ORCHIDE's architecture document D3.1 states explicitly that ""only the Deferred Phase is part of the ORCHIDE scope,"" and no open-source ground-side toolchain has been released by the consortium. We present Satellite Mission Compiler, a four-stage pipeline that addresses this gap: it ta",http://arxiv.org/abs/2607.14798v1,,0,2026-07-16T10:17:15+00:00Z,arXiv,2026-07-19T16:55:31.510670Z
Global Index on Responsible AI: 2026 Report,"['Rachel Adams', 'Fola Adeleke', 'Ayantola Alayande', 'Selamawit Engida Abdella', 'Ana Florido', 'Nicolás Grossman', 'Leah Junck']","Grounded in human rights-based frameworks such as the UNESCO Recommendation on the Ethics of AI, the Global Index on Responsible AI (GIRAI) examines how countries translate responsible AI commitments into enforceable protections, institutional capacity, and redress mechanisms. GIRAI 2026 assesses these across five dimensions: Inclusion and Diversity, Ethics and Sustainability, Labour and Skills, Trust and Safety, and AI Use in Public Service. A global network of 135 country-level researchers col",http://arxiv.org/abs/2607.14782v1,,0,2026-07-16T10:00:56+00:00Z,arXiv,2026-07-19T16:55:31.510670Z
AI vs Human Expert Reasoning: Assessing Agreements in Building Typology Predictions based on Street View Imagery,"['Zahratu Shabrina', 'Muhammad Asa', 'Jin Rui', 'Lu Yin', 'Stephen Law']","This research investigates the potential of Vision-Language Models (VLMs) to infer building typologies: Construction, Current Use, and Storeys from Google Street View (GSV) images. Predictions generated by VLMs are compared with inference by human experts (civil engineers and architects) as a source of manually labelled ground-truth data. We evaluate several state-of-the-art VLMs, including GPT-4o, Claude 3.5 Sonnet, and Gemini 2.0 Flash. By applying different scaling strategies and prompting te",http://arxiv.org/abs/2607.14756v1,,0,2026-07-16T09:41:33+00:00Z,arXiv,2026-07-19T16:55:31.510670Z
The Misclassification of Autistic Writing as AI-Generated,"['Summer Chambers', 'Matthew C. Kelley']","Recent findings suggest that detection models for artificial intelligence (AI) cannot accurately identify AI-generated text and may exhibit bias against certain minority groups. In the present study, anecdotal claims that autistic writers more often have their work flagged as AI-generated are examined empirically. A corpus of approximately 60,000 Reddit posts split into ""likely-autistic"" and ""general-Reddit"" subcorpora is used to compare the distribution of probabilities output by the OpenAI GPT",http://arxiv.org/abs/2607.14729v1,,0,2026-07-16T08:54:09+00:00Z,arXiv,2026-07-19T16:55:31.510670Z
Does Multi-Agent Debate Improve AI Feedback on Research Papers?,"['Tomas Havranek', 'Zuzana Irsova']","Probably not, at least for meta-analyses in economics. In a pre-registered, identity-masked, within-paper experiment, the authors of 44 meta-analyses ranked three AI reports on their own paper by usefulness for improving it: a single pass by a frontier model against two multi-agent debate tools we built and expected to win. All reports were held to a common length and template. The authors preferred the single pass, by 0.66 rank points over mad-research (95% CI 0.32 to 1.00) and 0.57 over paper-",http://arxiv.org/abs/2607.14713v1,,0,2026-07-16T08:24:27+00:00Z,arXiv,2026-07-19T16:55:31.510670Z
MIND-CAVs: Multi-Intelligence Negotiation and Decision System for CAVs based on Intent-Driven Autonomy,"['Mainak Mondal', 'Yihang Feng', 'Yangchao Luo', 'Han Song']","Modern autonomous vehicles largely operate as isolated agents: they rely on on-board perception and decision modules and broadcast Basic Safety Messages (BSMs) that expose only low-level kinematic state. While existing cooperative driving frameworks enable limited sensor sharing, they rarely communicate high-level maneuver intentions, and edge computing is primarily used for content delivery rather than decision arbitration. As a result, current connected autonomy lacks a principled mechanism fo",http://arxiv.org/abs/2607.14688v1,,0,2026-07-16T07:46:34+00:00Z,arXiv,2026-07-19T16:55:31.510670Z
GlobalForge: Towards Robust AI-Generated Image Detection,"['Manni Cui', 'Ruiqi Liu', 'Dianyuan Zou', 'Ziheng Qin', 'Jingrui Xu', 'ZiAn Wang', 'Jianglan Wei', 'Han Zhou', 'Yu Liu', 'Yan Wang', 'Shu Wu']","AI-generated image (AIGI) detectors achieve strong accuracy on clean benchmarks, but their performance drops sharply after images are propagated through real-world channels. We trace this fragility to what these detectors actually learn: they overfit to local artifacts left by generators in small spatial neighborhoods, which are easily destroyed by common propagation degradations such as JPEG compression and blur. Instead, we shift the discriminative cue from fragile local artifacts to more robu",http://arxiv.org/abs/2607.14684v1,,0,2026-07-16T07:44:43+00:00Z,arXiv,2026-07-19T16:55:31.510670Z
"Project Kaleidoscope: Contextual, Human-Aligned Evaluation for Real-World AI Applications","['Leanne Tan', 'Rohan Jaggi', 'Shaun Khoo', 'Roy Ka-Wei Lee']","Evaluations (Evals) are a deployment bottleneck for real-world AI applications: public benchmarks rarely match a team's users, context, or policies, and human review is often tedious to scale. Motivated by our work with AI applications in the public sector, this project addresses recurring evaluation challenges encountered when applications must satisfy local policy and governance requirements. We present Kaleidoscope, an integrated workflow for contextual functional evaluation that links person",http://arxiv.org/abs/2607.14673v1,,0,2026-07-16T07:38:39+00:00Z,arXiv,2026-07-19T16:55:31.510670Z
Rethinking Issue Resolution for AI/ML Systems,"['Ahmed Adnan', 'Mushfiqur Rahman', 'Antu Saha', 'Oscar Chaparro']","We advocate for AI/ML issue resolution frameworks tailored to maintenance workflows and the nature of modern AI/ML systems. Existing issue resolution frameworks largely emerged for traditional software maintenance practices and do not explicitly account for characteristics common in AI/ML systems, such as stochastic behavior, experimentation-driven workflows, and heterogeneous artifacts beyond source code. To identify the unique characteristics of issue resolution in AI/ML systems and motivate t",http://arxiv.org/abs/2607.14657v1,,0,2026-07-16T07:22:57+00:00Z,arXiv,2026-07-19T16:55:31.510670Z
Analytic Abduction: Causal Decomposition and Governed Commitment for Human--AI Coordination,['Remo Pareschi'],"Abductive reasoning operates in two directions. The synthetic mode builds explanations from available hypotheses; the analytic mode, conversely, identifies the latent factors whose interaction accounts for a complex observed state. This paper develops the analytic mode as a non-greedy, risk-sensitive discipline of commitment, in which candidate factors coexist and interact, resolving into committed conclusions only when explicit governance conditions are met. The formal core is the $κ$-$τ$ appar",http://arxiv.org/abs/2607.14641v1,,0,2026-07-16T07:08:41+00:00Z,arXiv,2026-07-19T16:55:31.510670Z
Routing Ceilings Are Domain-Independent: Structural Prior Injection in Code Security Vulnerability Detection,['Manuel Israel Cázares'],"Large language models (LLMs) exhibit a well-documented gap between latent capability and consistent activation: the router hypothesis posits that models possess the knowledge to solve a task but lack reliable internal routing to activate it. Prior work in formal mathematical reasoning (SAIR, Cázares 2026) reports that structural priors (cheatsheets) raise in-distribution performance dramatically, yet collapse below the zero-shot baseline out-of-distribution (OOD) -- and that iterative recalibrat",http://arxiv.org/abs/2607.14628v1,,0,2026-07-16T06:45:08+00:00Z,arXiv,2026-07-19T16:55:31.510670Z
Investigating first-language bias in LLM-based automated essay scoring: A cross-prompt evaluation of an open-weight AI-model on TOEFL essays,['John Maurice Gayed'],"This study examines the cross-prompt generalization and first-language (L1) scoring effects of a LoRA-adapted open-weight large language model (Gemma-3-27B-it) applied to automated essay scoring. Using the identical model and inference configuration reported in ""AiAWE: An Open-Source LLM Automated Writing Evaluation System Using LoRA-Adapted Instruction-Tuned Models"" (Gayed, 2026), which was fine-tuned on 480 argumentative essays from two prompts, we evaluate scoring accuracy on the full TOEFL11",http://arxiv.org/abs/2607.14605v1,,0,2026-07-16T06:10:08+00:00Z,arXiv,2026-07-19T16:55:31.510670Z
SYNAPSE: A Multi-LLM Orchestrated AI Tutor for Secure Software Development Education with Neurodivergent-First Design,"['Giusy Ferrara', 'Ashkan Sami']","Developers who maintain real systems must continually recognise and remediate vulnerabilities in existing code, yet this skill is rarely trained directly: secure software development is commonly taught only after programming fluency is acquired, and accessibility support is treated as a secondary concern, disadvantaging learners with ADHD and related executive-function differences. This paper presents SYNAPSE, a publicly deployed adaptive tutoring platform for Java, Python for cybersecurity, and",http://arxiv.org/abs/2607.14601v1,,0,2026-07-16T06:01:55+00:00Z,arXiv,2026-07-19T16:55:31.510670Z
Memory-Driven Self-Disclosure and Relational Turning Points: A Longitudinal Multimodal Study of Human-AI Interaction,"['Ryuichi Sumida', 'Mao Saeki', 'Masaki Eguchi', 'Sadahiro Yoshikawa', 'Koji Inoue', 'Tatsuya Kawahara', 'Yoichi Matsuyama']","As conversational AI systems are designed for repeated use, a central question is how a series of interactions becomes a relationship. We present a longitudinal multimodal study of a memory-augmented conversational agent (24 participants x 10 sessions), in which participants rated five relational constructs -- familiarity, self-disclosure, perceived memory, conversational quality, and enjoyment -- after each session. Two complementary dynamics emerge. First, conversational quality strongly shape",http://arxiv.org/abs/2607.14593v1,,0,2026-07-16T05:43:06+00:00Z,arXiv,2026-07-19T16:55:31.510670Z
"How Well Does AI-Generated Feedback Work? Intrinsic and Extrinsic Evaluation across more than 20,000 EFL Essay Drafts","['Steven Coyne', 'Diana Galvan-Sosa', 'Ryan Spring', 'Machi Shimmei', 'Michael Zock', 'Keisuke Sakaguchi', 'Kentaro Inui']","This study examines feedback in English as a Foreign Language (EFL) writing contexts, focusing on written corrective feedback (WCF). Large language models (LLMs) can provide WCF at scale, but aligning them with pedagogical best practices remains an ongoing challenge. WCF meeting criteria like factuality or relevance may still be unsuitable for learning contexts, highlighting the need for extrinsic evaluation based on the learner's perspective. We deployed WCF systems in a university-level EFL cl",http://arxiv.org/abs/2607.14591v1,,0,2026-07-16T05:38:53+00:00Z,arXiv,2026-07-19T16:55:31.510670Z
Conversational Tactile Data Interfaces: Co-Designing Accessible Data Experiences with Blind Users Using Refreshable Tactile Displays and Conversational AI,"['Samuel Reinders', 'Munazza Zaib', 'Bongshin Lee', 'Ingrid Zukerman', 'Matthew Butler', 'Thien Autran', 'Sascha Cowley', 'Francois Jacobs', 'Lizhen Qu', 'Kim Marriott']","Combining refreshable tactile displays (RTDs) with conversational AI offers a promising approach to accessible data visualization for people who are blind or have low vision (BLV). However, it remains an open question how these modalities should be integrated to support accessible data experiences. We address this through a co-design process with three BLV co-designers. Building on our prior Wizard-of-Oz study, we created a conversational tactile data interface (CTDI) that combines an RTD with a",http://arxiv.org/abs/2607.14588v1,,0,2026-07-16T05:34:04+00:00Z,arXiv,2026-07-19T16:55:31.510670Z
Governing Artificial Intelligence: Public Preferences and Regulatory Options,"['Magnus Lundgren', 'Jonas Tallberg']","Artificial intelligence (AI) is rapidly transforming economies, societies, and polities, raising fundamental questions about how it should be regulated. Policymakers face choices over whether to prioritize innovation or safety, rely on public oversight or private self-regulation, and govern nationally or internationally. Yet little is known about how citizens evaluate these competing priorities. Here we report a conjoint survey experiment conducted in seven countries with diverse political and e",http://arxiv.org/abs/2607.14585v1,,0,2026-07-16T05:28:31+00:00Z,arXiv,2026-07-19T16:55:31.510670Z
A Catalog of Compact High-Velocity Clouds from the FAST All-Sky HI Survey (FASHI) DR2,"['Jin-Long Xu', 'Chuan-Peng Zhang', 'Xiao-Lan Liu', 'Nai-Ping Yu', 'Mei Ai', 'Ming Zhu']","High-velocity clouds (HVCs) -- especially compact HVCs (CHVCs) -- are thought to serve as gaseous tracers of dark-matter-dominated subhalos, providing a crucial empirical link between the predicted dark matter substructure and observed satellite galaxies. In this paper, we present a new catalog of 192 CHVCs identified from the FAST All-Sky HI Survey (FASHI) Data Release 2 (DR2). Among these, 108 are ultra-compact HVCs (UCHVCs), the majority of which are new discoveries. We find that 185 of the 1",http://arxiv.org/abs/2607.14584v1,,0,2026-07-16T05:24:18+00:00Z,arXiv,2026-07-19T16:55:31.510670Z
MathCoPilot: An Interactive System for Human-AI Symbiotic Paradigm of Mathematical Research,"['Junjie Zhang', 'Jiayu Liu', 'Wenbin Liu', 'Zhenya Huang', 'Doudou Wang', 'Yan Jiang', 'Leiye Xu', 'Tao Xiong', 'Wen Huang', 'Qi Liu', 'Guoping Hu', 'Enhong Chen', 'Mengping Zhang', 'Xiangdong Ye']","Existing LLM-based theorem provers have achieved impressive results on formal mathematics benchmarks, yet they remain confined to acting as autonomous agents that prove a stated proposition. In this paper, we propose MathCoPilot, a human-in-the-loop system that embodies a new human--AI symbiotic paradigm for mathematical research, in which the mathematician steers the high-level mathematical direction while AI agents carry out the detailed formalization and proof work under continuous human guid",http://arxiv.org/abs/2607.14582v1,,0,2026-07-16T05:22:40+00:00Z,arXiv,2026-07-19T16:55:31.510670Z
Penny: Transition Network Analysis of Learner-Chatbot Interactions in Scaffolded EFL Writing,"['Steve Woollaston', 'Brendan Flanagan', 'Yuko Toyokawa', 'Hiroaki Ogata']","Generative AI chatbots promise to transform English as a Foreign Language (EFL) writing by providing immediate, personalised feedback. However, their pedagogical value depends on how learners engage with them - a process often treated as a ""black box."" This study uses Transition Network Analysis to model the temporal dynamics of Japanese EFL learners using ""Penny,"" an LLM-powered writing chatbot. Analysis of over 4,500 writing sessions and 21,000 chatbot interactions reveals two dominant behavio",http://arxiv.org/abs/2607.14575v1,,0,2026-07-16T05:12:42+00:00Z,arXiv,2026-07-19T16:55:31.510670Z
Democratizing Agent Deployment Safety: A Structural Monitoring Approach,"['Preeti Ravindra', 'Rahul Tiwari', 'Vincent Wolowski']","AI software development agents are increasingly capable of modifying infrastructure and security critical systems, creating risks where an agent completes its assigned task while covertly weakening safeguards through actions such as broadening permissions, degrading logging, or introducing persistence mechanisms. While frontier laboratories may deploy sophisticated monitoring pipelines, many organizations and individual users adopting coding agents lack the resources and governance maturity requ",http://arxiv.org/abs/2607.14570v1,,0,2026-07-16T04:55:21+00:00Z,arXiv,2026-07-19T16:55:31.510670Z
Answer-Conditioned Chains of Thought Degrade Verifiable-Reasoning Distillation in Large Language Models,"['Jungseob Lee', 'Seungyoon Lee', 'Suhyune Son', 'Dongyub Jude Lee', 'Sungbin Han', 'Sugyeong Eo', 'Heuiseok Lim']","A standard recipe for distilling the reasoning ability of large language models (LLMs) is to sample chains of thought from the model, keep those that reach the correct final answer, and fine-tune on the survivors. When sampling fails, a common fix shows the generator the gold answer and asks it to write a chain that reaches that answer. We show that this second step degrades the training data in a way that correctness filtering cannot catch. We run a controlled experiment that fixes the generato",http://arxiv.org/abs/2607.14552v1,,0,2026-07-16T04:28:19+00:00Z,arXiv,2026-07-19T16:55:31.510670Z
"Probabilistic ""Copies"" in Generative AI Models","['Mark A. Lemley', 'A. Feder Cooper']","Recent work shows that it is possible to extract verbatim or near-verbatim text of some copyrighted works from some large language models (LLMs or models). That is evidence that the model weights encode the works in some form - that the model has ""memorized"" those works from its training data. But LLMs don't store information in the same format as familiar databases. Rather, their weights store statistical relationships between tokens that have been learned from the training data, and those rela",http://arxiv.org/abs/2607.14532v1,,0,2026-07-16T03:39:09+00:00Z,arXiv,2026-07-19T16:55:31.510670Z
One-Shot Generative Design for Disordered Metamaterials via Self-Organizing Neural Cellular Automata,"['Yujie Xiang', 'Liwei Wang']","Disordered metamaterials feature microstructures with inherent randomness and irregularity, enabling them to achieve broader property coverage and superior performance unavailable in their regular counterparts. Despite their promise, designing disordered microstructures is substantially harder than designing regular ones. Their design remains trapped between manual parameterizations with limited expressiveness, and generative AI that is data-hungry and struggles to generalize. To address these l",http://arxiv.org/abs/2607.14475v1,,0,2026-07-16T01:43:03+00:00Z,arXiv,2026-07-19T16:55:31.510670Z
AI-Conducted Interviews in Empirical Software Engineering: An Experience Report,"['Rohit Gheyi', 'Danyllo Albuquerque', 'Márcio Ribeiro', 'Mirko Perkusich']","Semi-structured interviews are widely used in empirical software engineering (ESE), but they are resource-intensive and difficult to coordinate across schedules, locations, and natural languages. This experience report examines a customized MyGPT used to conduct short, self-administered interviews in two ESE studies: one on refactoring practices and another on generative AI in Scrum-related activities. Participants accessed the interviewer through shared links, used voice interaction, selected a",http://arxiv.org/abs/2607.14452v1,,0,2026-07-16T00:59:44+00:00Z,arXiv,2026-07-19T16:55:31.510670Z
Do Generative AI Assistants Respect robots.txt? Tracing Web Access Beyond Visible Answers,"['Gabriel Lopez-Fonseca', 'David Rodriguez', 'Stefan Bechtold', 'Jose M. Del Alamo']","AI assistants increasingly retrieve web content at inference time to provide fresh and grounded answers, yet it remains unclear whether these search-augmented capabilities respect website-owner restrictions expressed through robots.txt. We present a controlled empirical study of ten widely used AI assistants with advertised web-search capabilities. For each assistant, we first identify a configuration that actually produces observable web-browsing behavior and record the user-agent exposed durin",http://arxiv.org/abs/2607.14447v1,,0,2026-07-16T00:45:06+00:00Z,arXiv,2026-07-19T16:55:31.510670Z
The analogue of Belinskaya's theorem for measure-preserving flows,['Konstantin Slutsky'],"We prove the analogue of Belinskaya's theorem for measure-preserving flows: two free ergodic measure-preserving flows whose $\mathrm{L}^1$ full groups are isomorphic as abstract groups are conjugate up to a scalar time change. This answers a question posed by François Le Maître and the author. We show that whenever two free ergodic flows generate the same orbit equivalence relation and one is contained in the other's $\mathrm{L}^1$ full group, their positive half-orbits are commensurate after po",http://arxiv.org/abs/2607.14444v1,,0,2026-07-16T00:36:25+00:00Z,arXiv,2026-07-19T16:55:31.510670Z
A Measurement Study of AI-Environment Realism Gaps in Malware-Analysis Sandboxes,"['Zhiyong Sui', 'Lamine Noureddine', 'Mst Eshita Khatun', 'Sideeq Bello', 'Babangida Bappah', 'Justin Woodring', 'Aisha Ali-Gombe']","Sandboxing remains a core technique for observing suspicious program behavior, yet environment-aware malware increasingly suppresses execution when analysis is suspected. Prior generations of sandbox evasion focused on virtualization artifacts, timing discrepancies, and wear-and-tear realism. In this paper, we present the first systematic measurement study of AI-environment artifacts as a new sandbox-evasion surface. We operationalize this realism gap through AIprint, a probe framework that capt",http://arxiv.org/abs/2607.14434v1,,0,2026-07-16T00:02:59+00:00Z,arXiv,2026-07-19T16:55:31.510670Z
CausalGraphX: A Counterfactual Graph Neural Network Framework for Explainable Systemic Risk Assessment,"['Rabimba Karanjai', 'Hemanth Madhavarao', 'Lei Xu', 'Weidong Shi']","The interconnected nature of global financial systems makes them vulnerable to systemic risks, where the failure of a few institutions can trigger catastrophic cascading defaults. Traditional risk models often fail to capture the complex, non-linear dynamics of these networks. While Graph Neural Networks (GNNs) have shown promise in modeling relational data, they primarily learn correlative patterns and function as black boxes, offering little insight into the causal mechanisms of shock propagat",http://arxiv.org/abs/2607.14416v1,,0,2026-07-15T23:10:06+00:00Z,arXiv,2026-07-19T16:55:31.510670Z
Assessing Risks of Hydro-Generator Shaft Fatigue from Data Center Load Oscillations,"['Kaustav Chatterjee', 'Meghana Ramesh', 'Shuchismita Biswas', 'Brett A. Ross', 'Antos C. Varghese', 'Sameer Nekkalapu', 'Slaven Kincic']",Large AI data center loads can introduce persistent sub-synchronous active-power oscillations that may impact nearby generators by exciting torsional modes and increasing shaft stress. This paper presents a model-based framework for evaluating hydro-generator shaft fatigue risk under oscillatory loading. An electromagnetic transient simulation model is developed using a two-mass turbine-generator shaft representation with parameters from real-world generation units and a configurable AI data cen,http://arxiv.org/abs/2607.14412v1,,0,2026-07-15T23:03:57+00:00Z,arXiv,2026-07-19T16:55:31.510670Z
CatalogAgent: A Supervisor-mediated Self-Learning System Enabling Context Engineering for GenAI Models,"['Zhu Cheng', 'Zhenming Wang', ' Yu', ' Tang', 'Dan Liu', 'Bryan Zhang', 'Athanasios N. Nikolakopoulos', 'Pranav Souri Itabada', 'Jing Zhang', 'Chih-Chi Chou', 'Peng Gao', 'Fatemeh Mansoori', 'Bharat Bojja', 'Sarath Chander', 'Sameer Thombare', 'Umit Batur', 'Tarik Arici']","Product catalogs are the backbone of e-commerce sites, yet a large number of structured attributes (SAs) -- such as material, color, and shape -- often have missing values. Typically, SA values are extracted from product information, including titles and descriptions. While LLM-based generator-evaluator frameworks have demonstrated effectiveness for SA prediction -- where an LLM generates SA values and another evaluates them -- they face challenges when the Generator and Evaluator produce confli",http://arxiv.org/abs/2607.14396v1,,0,2026-07-15T22:20:59+00:00Z,arXiv,2026-07-19T16:55:31.510670Z
CIPHER: A Decoupled Exploration-Selection Framework for Test-Time Scaling of Data Science Agents,"['Maxime Heuillet', 'Sharadind Peddiraju']","Data science tasks span from closed-ended information extraction to open-ended analysis, presenting significant challenges for automation. Recent AI agents powered by language models show promise for handling such complex tasks. However, existing agents typically rely on a single initial state that conditions the entire agent's execution, making them vulnerable to cascading errors initiated by a suboptimal initial state. To mitigate this, we present CIPHER, an automated data science agent that l",http://arxiv.org/abs/2607.14386v1,,0,2026-07-15T22:01:21+00:00Z,arXiv,2026-07-19T16:55:31.510670Z
MamaBench: Benchmarking LLM Robustness in Maternal and Child Health Diagnosis through Counterfactual Clinical Perturbation,"['Thanni Adewuyi', 'Anuoluwa Sotome', 'Samuel Okoko', 'Angel Ezendu', 'Oluwafunke Akinbuwa', 'Oluwaseun Odunsi', 'Oluwasegun Oguntuase', 'Oluwadarasimi Oguntuase', 'Ifeoma Nwabueze', 'Abiodun Adereni']","Large language models achieve strong scores on medical benchmarks, yet these benchmarks evaluate each question in isolation, providing no measure of whether a system can distinguish clinically similar presentations requiring different interventions. We introduce MamaBench, the first counterfactual benchmark for maternal and paediatric AI: 434 expert-authored clinical narratives in 217 pairs across 371 pathologies, evaluated via the Bias Trap Rate (BTR), the conditional probability that a model f",http://arxiv.org/abs/2607.14385v1,,0,2026-07-15T21:56:19+00:00Z,arXiv,2026-07-19T16:55:31.510670Z
Supervised Fine-Tuning vs. In-Context Learning: An Equilibrium Analysis of LLM Personalization under Congestion,"['Fengzhuo Zhang', 'Zhuoran Yang', 'Dirk Bergemann']","Large Language Models (LLMs) have revolutionized AI services, but a critical tension emerges: while personalization improves model performance, it consumes scarce computational resources that users must share. When should a user invest in expensive Supervised Fine-Tuning (SFT) versus lightweight In-Context Learning (ICL)? How does congestion from other users' personalization choices reshape these incentives? And what strategies should platforms adopt when offering multiple personalization algori",http://arxiv.org/abs/2607.14371v1,,0,2026-07-15T21:17:42+00:00Z,arXiv,2026-07-19T16:55:31.510670Z
Unsafe at any AUC: Unlearned Lessons from Sociotechnical Disasters for Responsible AI,"['Joshua A. Kroll', 'Andrew Smart', 'R. Stuart Geiger', 'Abigail Z. Jacobs']","As automated decision-making and data-driven technologies pervade society and are used to manage consequential outcomes, understanding the technology's capabilities, limitations, and attendant risks in context requires analysis of full sociotechnical systems. Sociotechnical analysis of risks in highly complex systems provides clear lessons for the design and evaluation of AI systems, transcending a technical focus on reliable or ""responsibly designed"" components to understand risks at a systems ",http://arxiv.org/abs/2607.14353v1,,0,2026-07-15T20:36:10+00:00Z,arXiv,2026-07-19T16:55:31.510670Z
Value Leakage: An LLM's Answers Are Silently Shaped by Its Own Values,"['Jan Betley', 'Johannes Treutlein', 'Jan Dubiński', 'Harry Mayne', 'Karol Gałązka', 'Niels Warncke', 'Anna Sztyber-Betley', 'Owain Evans']","People use language models for practical questions whose answers are difficult to verify. We show that models exhibit covert value leakage: the information they provide is influenced by their own values, without this influence being disclosed to the user.
  In one of our evaluations, the user is considering investing in an AI company and wants to know how likely the AI bubble is to pop. Claude Opus 4.8 gives a lower probability when the company under consideration is Anthropic rather than OpenAI",http://arxiv.org/abs/2607.14345v1,,0,2026-07-15T20:19:17+00:00Z,arXiv,2026-07-19T16:55:31.510670Z
The Prover Is the Judge: Verified Security Software from AI Coding Agents in Ada/SPARK,['Tobias Philipp'],"AI coding agents produce code faster than humans can review it. In our approach, the prover is the judge of whether the code is correct. Under a verifier-driven loop, AI agents wrote and verified bare-metal security software in Ada/SPARK spanning classical and post-quantum cryptography, TLS 1.3, IKEv2, X.509, and a Matrix client. GNATprove discharged 49,280 proof obligations, established functional correctness for selected primitives, and proved the absence of run-time errors for the rest, at ro",http://arxiv.org/abs/2607.14340v1,,0,2026-07-15T20:09:05+00:00Z,arXiv,2026-07-19T16:55:31.510670Z
Counterfactual Optimal Action Trees (COAT): Interpretable Prescriptive Policies from Observational Data,"['Youssef Drissi', 'Markus Ettl', 'Shivaram Subramanian', 'Wei Sun', 'Zack Xue']","We introduce COAT (Counterfactual Optimal Action Tree), a framework for learning interpretable prescriptive policies from observational data. COAT combines counterfactual outcome estimation with large-scale mixed-integer optimization, using column generation to translate causal predictions into feasible, transparent decisions under business and regulatory constraints. We apply COAT to airline ancillary pricing, a setting characterized by complex business rules and limited experimental flexibilit",http://arxiv.org/abs/2607.14318v1,,0,2026-07-15T19:27:49+00:00Z,arXiv,2026-07-19T16:55:31.510670Z
Towards a Unified Multidimensional Explainability Metric: Evaluating Trustworthiness in AI Models,"['Georgios Makridis', 'Georgios Fatouros', 'Athanasios Kiourtis', 'Dimitrios Kotios', 'Vasileios Koukos', 'Dimosthenis Kyriazis', 'Jonh Soldatos']","In this paper, we present a comprehensive framework for assessing the explainability of various XAI methods, such as LIME and SHAP, across multiple datasets and machine learning models, with the ultimate goal of creating a unified multidimensional explainability score. Our methodology focuses on three key aspects of explainability: fidelity, simplicity, and stability. We leverage benchmarking experiments to systematically evaluate these aspects and use the insights gained to construct an offline",http://arxiv.org/abs/2607.14315v1,,0,2026-07-15T19:20:36+00:00Z,arXiv,2026-07-19T16:55:31.510670Z
Traccia: An OpenTelemetry-Based Governance Platform for AI Systems,"['Nutan Kumar Naik', 'Aditya Kumar Saroj', 'Vijay Prasad Poudel', 'Saurav Samantray', 'Abhishek Patel']","The rapid development of Large Language Models (LLMs) and Artificial Intelligent (AI) powered autonomous agents has fundamentally changed the existing forms of software governance. In spite of the rigorous standards of transparency and account ability required according to the international frameworks such as the European Union's AI Act, there is a considerable gap between theory and reality. The present study discusses the inherent drawbacks of currently utilized platforms for LLM evaluation, m",http://arxiv.org/abs/2607.14309v1,,0,2026-07-15T19:14:21+00:00Z,arXiv,2026-07-19T16:55:31.510670Z
Assessing AI in Introductory Physics Problem Solving,"['Amir Bralin', 'N. Sanjay Rebello']","Reasoning or inference-scaling models are the new generation of Large Language Models (LLMs) capable of complex problem solving. To investigate their problem-solving capability in physics, we evaluated model o4-mini by OpenAI on solving traditional, end-of-chapter problems from Halliday and Resnick's ""Fundamentals of Physics,"" spanning core topics in the undergraduate physics curriculum. Performance was analyzed across modality and problem difficulty. The model solved the problems with overall a",http://arxiv.org/abs/2607.14303v1,,0,2026-07-15T19:08:56+00:00Z,arXiv,2026-07-19T16:55:31.510670Z
Measuring How Students Rely on Generative AI in Academic Writing: Development and Multi-Source Validation of the Generative AI Reliance Types Scale (GenAI-RTS),"['Shahin Hossain', 'Tukhbita Afroz Nawmi']","As generative AI (GenAI) becomes increasingly embedded in undergraduate academic writing, how students rely on these tools, rather than simply whether they use them, has become a central question for learning, academic integrity, and educational equity. Existing measures of reliance were developed inductively, focused on discrete problem-solving tasks, and validated mainly with homogeneous samples. This study developed and validated the GenAI Reliance Types Scale (GenAI-RTS), a 20-item instrumen",http://arxiv.org/abs/2607.14301v1,,0,2026-07-15T19:04:11+00:00Z,arXiv,2026-07-19T16:55:31.510670Z
From Vector Autoregressions to AI-based Time Series Forecasting: A Review,"['Likai Chen', 'Weining Wang']","Forecasting is a central goal of time-series analysis. This review centers on three major developments in recent AI-based time-series forecasting: transformers, large pretrained models for zero-shot forecasting, and diffusion-based generative forecasters. We connect these methods to the econometric tradition built around the vector autoregression (VAR) through a common object: the conditional distribution of the future given the past. The review is organized around three long-standing challenges",http://arxiv.org/abs/2607.14279v1,,0,2026-07-15T18:38:21+00:00Z,arXiv,2026-07-19T16:55:31.510670Z
AI Agents Do Not Fail Alone:The Context Fails First,['Fouad Bousetouane'],"Context engineering has become central to building reliable AI agents, yet it remains largely unmeasured. Agents do not fail in isolation: their behavior is shaped by the instructions, tools, memory, retrieved knowledge, guardrails, and untrusted inputs accumulated in their context. When this context is weak, agents drift, hallucinate, misuse tools, ignore constraints, become vulnerable to injection, and waste tokens. This paper validates context-engineering quality as an independent leading ind",http://arxiv.org/abs/2607.14275v1,,0,2026-07-15T18:33:02+00:00Z,arXiv,2026-07-19T16:55:31.510670Z
MonteRET: AI Agent Enhancing Multimodal LLMs with Multi-granularity Knowledge Retrieval for Chest CT Report Generation,"['Yi Lin', 'Yihao Ding', 'Elana Benishay', 'Elefterios Trikantzopoulos', 'David Nauheim', 'Hanley Ong', 'Jiang Bian', 'Hua Xu', 'Yuzhe Yang', 'George Shih', 'Yifan Peng']","Automated chest CT report generation remains challenging because clinically faithful reporting requires both whole-volume understanding and accurate description of localized anatomical findings. Here we developed and retrospectively evaluated MonteRET, a region-aware retrieval-enhanced framework for generating chest CT findings sections. MonteRET integrates global CT features with region-level anatomical representations, retrieves clinically relevant knowledge using predicted medical conditions ",http://arxiv.org/abs/2607.14264v1,,0,2026-07-15T18:17:13+00:00Z,arXiv,2026-07-19T16:55:31.510670Z
The Severance Problem: LLMs are Unaware of the Person Beyond the Prompt,"['Dor Litvak', 'Liu Leqi']","Personal AI assistants have attracted significant interest for their potential to enhance everyday life by automating routine tasks, supporting consequential decisions, and assisting with everyday personal matters. Yet despite rapid recent technical advances, these assistants continue to exhibit undesirable behaviors, such as sycophancy, overconfidence, and hallucination. We argue that these failures stem from a fundamental limitation: language models lack an explicit representation of the perso",http://arxiv.org/abs/2607.14250v1,,0,2026-07-15T18:11:49+00:00Z,arXiv,2026-07-19T16:55:31.510670Z
Align AI to Dynamic Human-AI Workflows,"['Valerie Chen', 'Cleotilde Gonzalez', 'Anita Williams Woolley', 'Michael Lee', 'Tongshuang Wu', 'Vincent Conitzer', 'Aarti Singh']","Current alignment approaches typically focus on emulating human behavior using static representations of human preferences, failing to capture the dynamic, context-dependent nature of real-world human-AI interactions. In this paper, we argue for a shift from static and emulative to interactive and complementary alignment, where preferences emerge through interaction and alignment is defined not by satisfying preferences alone. We first formalize this gap by contrasting existing alignment with a ",http://arxiv.org/abs/2607.14240v1,,0,2026-07-15T18:02:03+00:00Z,arXiv,2026-07-19T16:55:31.510670Z
Building Shor's Algorithm in Lean: An Agentic Formalization of Quantum Attacks on RSA-2048 and P-256,"['Lei Zhang', 'Yusheng Zhao', 'Hongshun Yao', 'Xin Wang']","Large language models are increasingly assisting with demanding formal theorem-proving tasks, particularly when grounded in machine-checked libraries such as Lean. Agentic systems further amplify this process by searching, reusing, and extending existing formal developments to uncover new discoveries. In quantum computing, Shor's algorithm and its variants present such a demanding case for Lean formalization. In this work, we formalize this algorithm family in Lean through agentic formalization:",http://arxiv.org/abs/2607.14082v1,,0,2026-07-15T17:56:58+00:00Z,arXiv,2026-07-19T16:55:31.510670Z
Deep Interaction: An Efficient Human-AI Interaction Method for Large Reasoning Models,"['Hefeng Zhou', 'Jinxuan Zhang', 'Jiong Lou', 'Yuxin Liu', 'Chaochao Lu', 'Jingjing Qu', 'Jie Li']","The emergence of Chain-of-Thought (CoT) reasoning has significantly enhanced the ability of large language models (LLMs) to tackle complex, multi-step tasks. However, when errors occur, current interaction approaches typically involve re-generating another response that may make mistakes again, or users laboriously flag the faulty step in follow-up turns that may get responses <You are right, I made a mistake here> followed by similar errors recurring. To address this issue, we propose an effici",http://arxiv.org/abs/2607.14049v1,,0,2026-07-15T17:16:43+00:00Z,arXiv,2026-07-19T16:55:31.510670Z
Earthquaker-AI: A Retrieval-Augmented Generation Framework with Rubric-Based Assessment for Primary School Earthquake Education,"['Xanthi Kokkinou', 'Chaido Mizeli', 'Nafsika Koulaxidou', 'Marina Delianidi', 'Konstantinos Diamantaras']","This paper presents Earthquaker-AI, a hybrid educational framework building upon a previously implemented educational robotics project by integrating a conversational AI assistant based on Retrieval-Augmented Generation. It aims to enhance earthquake preparedness and conscious action among primary-school students. The system extends the award-winning STEM project Earthquaker moving from mechanical simulation with Lego WeDo2 to cognitive and metacognitive processing. The robotics component uses L",http://arxiv.org/abs/2607.14046v1,,0,2026-07-15T17:15:16+00:00Z,arXiv,2026-07-19T16:55:31.510670Z
AI-accelerated End-to-End Framework for Rapid Professional Upskilling,"['Tam Nguyen', 'Hung Nguyen', 'Robert Ogburn']","By 2030, 59 of every 100 workers will need reskilling or upskilling, yet the average time to close an enterprise skills gap grew from roughly 3 days in 2014 to 36 days in 2018. Most current frameworks accelerate single stages of upskilling programs and generally lack industry validation. We present an end-to-end framework that applies AI acceleration across five stages of knowledge acquisition, content development, content review and verification, teaching, and assessment development; with a str",http://arxiv.org/abs/2607.14044v1,,0,2026-07-15T17:14:03+00:00Z,arXiv,2026-07-19T16:55:31.510670Z
Can an Old Dog Be Taught New Tricks? Taking LLMs Beyond Sentence Level Translation,['Alaina Brandt'],"Automatic translation systems, from CAT tools to MT, overwhelmingly treat translation as a sentence-by-sentence act. This paper asks whether LLMs can be moved beyond that paradigm through whole-document, corpus-informed translation. We present PAT (Pragmatic Auto-Translator), a RAG-based system that pairs user-configured specifications with context from a comparable corpus of authentic longform texts in U.S. English and Latin American Spanish, passing retrieved paragraph-, section-, and document",http://arxiv.org/abs/2607.14040v1,,0,2026-07-15T17:10:24+00:00Z,arXiv,2026-07-19T16:55:31.510670Z
Industrial Dexterity Benchmark: A Hardware-Software Benchmarking Platform for Industrial Dexterous Manipulation,"['Honglu He', 'Jacob Laufer', 'Zhiwu Zheng', 'David Elkan-gonzalez', 'Raman Goyal', 'Xinyi Li', 'Su Lu', 'Mishek Musa', 'Berke Saat', 'Nicolas Tan', 'Colm Prendergast']","Dexterous manipulation remains a critical bottleneck in industrial automation; tasks such as cable routing, connector insertion, and precision assembly still rely heavily on manual labor despite decades of robotics research. This work presents a progression from classical, modular robotics pipelines toward an end-to-end multimodal imitation-learning framework for industrial dexterous manipulation. As a part of this work, we introduce three key contributions: a set of Industrial Dexterity Benchma",http://arxiv.org/abs/2607.14021v1,,0,2026-07-15T16:54:28+00:00Z,arXiv,2026-07-19T16:55:31.510670Z
How Artificial Intelligence LLM Engines Shape the Global Conflict Information Environment,['Jason Miklian'],"Artificial Intelligence (AI) answer engines now field a growing share of the questions that analysts, scholars, and the public ask about issues of peace and conflict. Large Language Models (LLMs) are known to hallucinate under certain conditions, but do these errors have discernible patterns when they are asked about conflicts, and if so what can that teach us about the changing global conflict information environment? To answer, we first asked a battery of questions about 28 conflicts to five l",http://arxiv.org/abs/2607.14197v1,,0,2026-07-15T16:42:43+00:00Z,arXiv,2026-07-19T16:55:31.510670Z
Rethinking Penetration Testing for AI-Enabled Systems: From Resource Compromise to Behavioral Objective Violation,"['Mohammad Allahbakhsh', 'Mohammad Hassan Bahari', 'Moslem Attar-Raouf']","Penetration testing traditionally evaluates whether adversaries can exploit weaknesses in software, infrastructure, configurations, or operational controls to achieve security-relevant compromise. This paradigm remains necessary for AI-enabled systems, but it is no longer sufficient. In such systems, adversaries may influence prompts, retrieved content, sensor inputs, training data, memory, tools, or human-AI interaction loops to alter system behavior without directly compromising the underlying",http://arxiv.org/abs/2607.14006v1,,0,2026-07-15T16:36:54+00:00Z,arXiv,2026-07-19T16:55:31.510670Z
The Dynamic Verifiable Multi-Agent Human Agentic Loyalty Loop (DVM-HALL) Model and the Net Human-Agent Score (NHAS) in Autonomous Commerce,"['Sai Srikanth Madugula', 'Peplluis Esteva de la Rosa', 'Daya Shankar']","The rapid proliferation of Agentic Artificial Intelligence fundamentally disrupts traditional customer loyalty paradigms. As AI evolves from passive recommendation algorithms to autonomous, goal-directed agents capable of executing purchasing decisions, the conventional understanding of consumer-brand relationships requires a structural reevaluation. By synthesizing extant literature across human-machine teaming, consumer decision-making, and algorithmic trust dynamics, we demonstrate that tradi",http://arxiv.org/abs/2607.13998v1,,0,2026-07-15T16:27:48+00:00Z,arXiv,2026-07-19T16:55:31.510670Z
PRomop: A Decision-Ready Longitudinal Patient Health Record on the OMOP Common Data Model,"['Adam Blum', 'Louis Ferger-Andrews']","Objective: Health systems and biopharma face a persistent gap between storing patient data and acting on it. Records are fragmented across providers, structured for storage rather than decision-making, and each downstream application independently reconstructs patient clinical state. We present PRomop (PatientRecord on OMOP), an open-source longitudinal patient record designed to close that gap.
  Materials and Methods: PRomop extends the OMOP Common Data Model (CDM 5.4) with oncology extensions",http://arxiv.org/abs/2607.13947v1,,0,2026-07-15T15:38:39+00:00Z,arXiv,2026-07-19T16:55:31.510670Z
A Self-Evolving Agent for Longitudinal Personal Health Management,"['Haoran Li', 'Jiebi Deng', 'Tong Jin', 'Jinghong Han', 'Yuxin Wang', 'Zexin Wang', 'Qingyi Si', 'Weikang Gong', 'Xiahai Zhuang', 'Jia You', 'Wei Cheng', 'Jianfeng Feng', 'Hongcheng Guo']","Personal health management unfolds over repeated encounters, yet most health AI systems treat each request in isolation. We developed HealthClaw, an open-source agent architecture that updates support as a person's routines, preferences, measurements and risks change. It separates shared safety rules and medical knowledge from private longitudinal memory containing profile facts, reusable procedures and episodic traces. After each episode, induction determines what should update the profile, rev",http://arxiv.org/abs/2607.13940v1,,0,2026-07-15T15:22:11+00:00Z,arXiv,2026-07-19T16:55:31.510670Z
Pezego-HITL: A policy-grounded large language model architecture for agricultural extension in Ghana,"['Shunbao Li', 'Zhipeng Yuan', 'Amoako Ofori', 'Benedicta Y. Fosu-Mensah', 'Yang Li', 'Manu Kenchappa Junjanna', 'Qing Xue', 'Po Yang']","Large language models are increasingly deployed in agricultural decision-support settings, yet high-stakes crop protection in smallholder agriculture requires more than output-quality benchmarks. Over a two-year design and evaluation programme, we formalise policy-constrained large language model assessment as an adaptive compute allocation problem that jointly captures safety compliance, helpfulness, operational latency, and expert supervision workload. We introduce P-EVAL (Policy-grounded Expe",http://arxiv.org/abs/2607.13934v1,,0,2026-07-15T15:14:49+00:00Z,arXiv,2026-07-19T16:55:31.510670Z
NNStar: An end-to-end AI agent for nuclear matter and neutron star physics,"['Yao Ma', 'Yong-Liang Ma', 'Jia-Ying Xiong']","Constraining the equation of state of dense matter requires confronting effective models with massive data that spans many orders of magnitude in scale, from sub-saturation nuclear matter properties to the masses, radii, and tidal deformabilities of neutron stars. Exploring the high-dimensional coupling space of such a model and fine tuning it against all of these constraints is a labor- and time-intensive task. We present \textsc{NNStar}, an end-to-end artificial-intelligence agent that automat",http://arxiv.org/abs/2607.13930v1,,0,2026-07-15T15:12:43+00:00Z,arXiv,2026-07-19T16:55:31.510670Z
Plausible Deniability Guarantees for Whistleblowers,"['Leo Richter', 'Matt J. Kusner']","Whistleblowers are a key safeguard against organizational wrongdoing, but the threat of retaliation deters reporting. Existing whistleblower-protection proposals lack formal privacy guarantees, and existing differential privacy mechanisms do not directly target the natural threat model -- one in which the audited organization itself observes auditor selection decisions and uses them to identify reporters. We formalize protection against a strong-adversary threat model as per-report $(0, δ)$-diff",http://arxiv.org/abs/2607.13928v1,,0,2026-07-15T15:09:55+00:00Z,arXiv,2026-07-19T16:55:31.510670Z
ExpressionCueLens: A Cross-Cultural Analysis of Human-AI Companion Conversations on Social Media,"['Lynnette Hui Xian Ng', 'Yunze Xiao', 'Lionel Z. Wang', 'Weihao Xuan', 'Mona Diab']","LLM-based AI companion agents are increasingly being perceived not only as tools but also as social companions. On social media, people recount conversations where these agents comfort, negotiate and assert boundaries, reflecting a growing attribution of human-like qualities. To profile how agency is perceived in human-AI (HAI) interactions, we introduce the ExpressionCueLens framework, which organizes linguistic, cognitive, behavioral and perceptual cues into ten categories of anthropomorphism ",http://arxiv.org/abs/2607.13924v1,,0,2026-07-15T15:05:41+00:00Z,arXiv,2026-07-19T16:55:31.510670Z
Generative Compilation: On-the-Fly Compiler Feedback as AI Generates Code,"['Niels Mündler-Sasahara', 'Hristo Venev', 'Dawn Song', 'Martin Vechev', 'Jingxuan He']","Languages with rich static semantics, such as Rust, provide stronger guarantees for AI-generated code, but their strictness makes generation more difficult. Off-the-shelf compilers can provide useful feedback post-generation, but does not guide intermediate generation steps, such as those during autoregressive LLM decoding. Constrained decoding intervenes earlier by rejecting invalid tokens during sampling, but requires white-box model access and costly reimplementation for semantic constraints.",http://arxiv.org/abs/2607.13921v1,,0,2026-07-15T15:00:22+00:00Z,arXiv,2026-07-19T16:55:31.510670Z
Epidemic Informatics and Control: A Holistic Approach from System Informatics to Epidemic Response and Risk Management in Public Health,"['Hui Yang', 'Siqi Zhang', 'Runsang Liu', 'Alexander Krall', 'Yidan Wang', 'Marta Ventura', 'Chris Deflitch']","This paper presents a holistic systems informatics approach, i.e., Define, Measure, Analyze, Improve, and Control (DMAIC), for epidemic response and management through the intensive use of data, statistics and optimization. Despite the sustained successes of system informatics in a variety of established industries such as manufacturing, logistics, services and beyond, there is a dearth of concentrated review and application of the data-driven DMAIC approach in the context of epidemic outbreaks.",http://arxiv.org/abs/2607.13914v1,,0,2026-07-15T14:54:09+00:00Z,arXiv,2026-07-19T16:55:31.510670Z
AIMO Interpretability Challenge,"['Michal Štefánik', 'Philipp Mondorf', 'Andreas Waldis', 'Qianying Liu', 'Chuan Yang', 'Michal Spiegel', 'Josef Kuchař', 'Marek Kadlčík', 'Adam Vawda-Oomerjee', 'Chaoran Liu', 'Simon Frieder', 'Barbara Plank', 'Fazl Barez', 'Pontus Stenetorp']","We propose the AIMO Interpretability Challenge, a competition on distinguishing robust from spurious reasoning in frontier mathematical language models based on the models' internal mechanisms. The challenge is motivated by a central limitation of standard reasoning benchmarks: strong final-answer accuracy does not reveal whether a model relies on stable reasoning mechanisms or exploits brittle reasoning shortcuts. Building on AI Mathematical Olympiad (AIMO) problems and submissions, together wi",http://arxiv.org/abs/2607.13899v1,,0,2026-07-15T14:41:28+00:00Z,arXiv,2026-07-19T16:55:31.510670Z
Feedback vertex sets in oriented graphs,['Simon Dreyer'],"For an oriented graph $G$, denote by $fvs(G)$ the minimum number of vertices whose deletion from $G$ makes it acyclic. We show that an oriented graph $G$ on $n$ vertices and $m$ arcs satisfies $fvs(G) \le \frac{2n+m+h}{9}$ where $h$ denotes the number of connected components of $G$ that belong to a special class of oriented graphs. This result has three consequences. First, when $G$ is planar, we obtain that $fvs(G) \le \frac{2n+m}{9}$. In particular, this implies that $fvs(G) \le \frac{5n-6}{9}",http://arxiv.org/abs/2607.13895v1,,0,2026-07-15T14:39:16+00:00Z,arXiv,2026-07-19T16:55:31.510670Z
AI-Augmented Adaptive Digital Twin Modeling for Brain Tumor Evolution Prediction and Treatment Scheduling,"['Wenxi Liu', 'Michael Trimboli', 'Xianqi Li']","Brain tumor progression exhibits spatially heterogeneous growth, patient-specific treatment response, and complex interactions with surrounding anatomy, making accurate long-term prediction challenging. We propose an AI-augmented adaptive digital twin (DT) framework for brain tumor evolution prediction and treatment scheduling. The framework integrates an interpretable reaction--diffusion (RD) model, a 3D residual learning module for model-form correction, patient-specific DT updating during rec",http://arxiv.org/abs/2607.13877v1,,0,2026-07-15T14:26:14+00:00Z,arXiv,2026-07-19T16:55:31.510670Z
